"","Layer_Pressure","Saturation_Pressure"
"1",321,401.180981351655
"2",418.025026839537,418.025026839537
"3",426.686170006726,426.686170006726
"4",727.810240114908,727.810240114908
"5",1110.97701149425,1647.78105217185
"6",1120.71264367816,2093.84237047358
"7",1168,2127.97421235559
"8",1168,2336.95114380234
