"","Layer_Pressure","Saturation_Pressure"
"1",321,401.180981351655
"2",417.686126256002,417.686126256002
"3",426.168337404259,426.168337404259
"4",746.009728270566,746.009728270566
"5",1096.40702210663,1659.44111543486
"6",1118.43563068921,2098.42186548172
"7",1168,2131.93869358985
"8",1168,2336.95114380234
