"","Layer_Pressure","Saturation_Pressure"
"1",321,401.180981351655
"2",408.939617310732,408.939617310732
"3",408.939617310732,408.939617310732
"4",408.939617310732,408.939617310732
"5",439.184180062802,439.184180062802
"6",669.26746506986,2123.54078131694
"7",1007.39121756487,2123.54078131694
"8",1168,2237.58858725034
"9",1168,2336.95114380234
