"","Layer_Pressure","Saturation_Pressure"
"1",321,401.180981351655
"2",321,408.010184650709
"3",325.960952752831,409.992077758016
"4",504.555251854744,2145.6181190834
"5",1166.01561889887,2239.36134983787
"6",1168,2249.20370697655
"7",1168,2336.95114380234
